created_at,particle_id,ore_type,rm_number,density_bin
2025-01-24T03:28:58.479406,RT-XRM43971-0001,HGM,RM43971,1190562
2025-01-24T03:31:30.251090,RT-XRM43971-0002,HGM,RM43971,1190567
2025-01-24T03:45:20.861591,RT-XRM43971-0009,HGM,RM43971,1190569
2025-01-27T22:22:09.964050,RT-XRM43971-0041,HGM,RM43971,1190572
2025-01-28T03:57:11.090636,RT-XRM43971-0087,HGM,RM43971,1190574
2025-01-28T21:43:04.743271,RT-XRM43971-0197,HGM,RM43971,1190577
2025-01-29T21:22:37.181952,RT-XRM43971-0234,HGM,RM43971,1190579
2025-01-30T05:05:27.347984,RT-XRM43971-0439,GOL,RM43971,1190569
2025-01-30T05:10:13.167091,RT-XRM43971-0445,SHL,RM43971,1190564
2025-01-30T05:11:21.173377,RT-XRM43971-0446,SHL,RM43971,1190562
2025-01-30T05:14:29.025600,RT-XRM43971-0429,GMO,RM43971,1190574
2025-01-30T05:15:01.441698,RT-XRM43971-0431,GMO,RM43971,1190577
2025-01-30T05:17:07.713197,RT-XRM43971-0542,GOE,RM43971,1190572
2025-01-30T05:17:24.069404,RT-XRM43971-0421,GOE,RM43971,1190577
2025-01-30T05:17:45.849992,RT-XRM43971-0441,GOE,RM43971,1190569
2025-01-30T05:19:08.818734,RT-XRM43971-0414,GOE,RM43971,1190574
2025-01-30T05:25:22.608267,RT-XRM43971-0505,GOV,RM43971,1190579
2025-01-30T05:27:35.969925,RT-XRM43971-0514,GOC,RM43971,1190574
2025-01-30T05:28:04.429852,RT-XRM43971-0519,GOC,RM43971,1190577
2025-01-30T05:29:42.732749,RT-XRM43971-0518,GMI,RM43971,1190567
2025-01-30T21:23:50.474337,RT-XRM43971-0198,HGM,RM43971,1190579
2025-01-30T21:51:42.958843,RT-XRM43971-0235,HGM,RM43971,1190583
2025-01-30T22:06:26.787105,RT-XRM43971-0240,HGM,RM43971,1190585
2025-01-30T22:09:51.612456,RT-XRM43971-0241,HGM,RM43971,1190587
2025-01-30T22:14:42.385696,RT-XRM43971-0242,HGF,RM43971,1190574
2025-02-02T21:50:06.405945,RT-XRM43971-0257,HGF,RM43971,1190577
2025-02-03T04:30:00.470420,RT-XRM43971-0300,H2M,RM43971,1190579
2025-02-03T04:34:10.078975,RT-XRM43971-0319,H2M,RM43971,1190572
2025-02-03T04:36:16.284942,RT-XRM43971-0286,H2M,RM43971,1190574
2025-02-03T04:37:20.880776,RT-XRM43971-0312,H2M,RM43971,1190583
2025-02-03T04:39:15.563974,RT-XRM43971-0398,GOH,RM43971,1190577
2025-02-03T04:39:50.942305,RT-XRM43971-0290,H2M,RM43971,1190577
2025-02-03T04:44:47.257381,RT-XRM43971-0396,GOH,RM43971,1190577
2025-02-03T04:45:50.646071,RT-XRM43971-0409,GOH,RM43971,1190572
2025-02-03T04:49:42.937614,RT-XRM43971-0412,GOH,RM43971,1190572
2025-02-03T04:50:00.081445,RT-XRM43971-0394,GOH,RM43971,1190574
2025-02-03T04:50:17.943103,RT-XRM43971-0407,GOH,RM43971,1190579
2025-02-03T04:50:39.384669,RT-XRM43971-0377,HGH,RM43971,1190579
2025-02-03T04:50:54.539688,RT-XRM43971-0386,HGH,RM43971,1190583
2025-02-03T04:51:10.553262,RT-XRM43971-0375,HGH,RM43971,1190574
2025-02-03T21:23:12.484169,RT-XRM43971-0258,HGF,RM43971,1190577
2025-02-03T21:30:33.599398,RT-XRM43971-0259,HGF,RM43971,1190577
2025-02-03T21:34:45.303629,RT-XRM43971-0260,HGF,RM43971,1190577
2025-02-03T21:37:59.545438,RT-XRM43971-0261,HGF,RM43971,1190577
2025-02-03T21:41:31.931592,RT-XRM43971-0262,HGF,RM43971,1190577
2025-02-03T21:44:03.639854,RT-XRM43971-0263,HGF,RM43971,1190577
2025-02-03T21:47:50.466371,RT-XRM43971-0264,HGF,RM43971,1190577
2025-02-03T21:50:35.266707,RT-XRM43971-0265,HGF,RM43971,1190577
2025-02-03T21:53:28.213409,RT-XRM43971-0266,HGF,RM43971,1190577
2025-02-03T21:56:16.123540,RT-XRM43971-0267,HGF,RM43971,1190579
2025-02-03T21:59:14.477375,RT-XRM43971-0268,HGF,RM43971,1190579
2025-02-03T22:01:46.838678,RT-XRM43971-0269,HGF,RM43971,1190579
2025-02-03T22:04:58.530739,RT-XRM43971-0270,HGF,RM43971,1190579
2025-02-03T22:07:23.984040,RT-XRM43971-0271,HGF,RM43971,1190572
2025-02-03T22:11:04.213228,RT-XRM43971-0272,HGF,RM43971,1190572
2025-02-03T22:17:05.409259,RT-XRM43971-0273,HGF,RM43971,1190572
2025-02-03T22:19:24.979191,RT-XRM43971-0274,HGF,RM43971,1190572
2025-02-03T22:23:55.333544,RT-XRM43971-0275,HGF,RM43971,1190572
2025-02-03T22:28:27.621518,RT-XRM43971-0276,HGF,RM43971,1190572
2025-02-04T00:34:03.082849,RT-XRM43971-0277,HGF,RM43971,1190572
2025-02-04T00:36:13.564561,RT-XRM43971-0278,HGF,RM43971,1190572
2025-02-04T00:37:16.572936,RT-XRM43971-0279,HGF,RM43971,1190572
2025-02-04T00:40:04.214096,RT-XRM43971-0280,HGF,RM43971,1190572
2025-02-04T01:30:27.645315,RT-XRM43971-0283,HGF,RM43971,1190564
2025-02-04T01:32:08.932957,RT-XRM43971-0284,HGF,RM43971,1190562
2025-02-04T01:33:13.848299,RT-XRM43971-0281,HGF,RM43971,1190569
2025-02-04T01:34:31.083910,RT-XRM43971-0282,HGF,RM43971,1190569
2025-02-04T01:35:24.299425,RT-XRM43971-0285,H2M,RM43971,1190574
2025-02-04T01:35:38.694603,RT-XRM43971-0287,H2M,RM43971,1190574
2025-02-04T01:36:07.881121,RT-XRM43971-0288,H2M,RM43971,1190574
2025-02-04T01:43:27.352511,RT-XRM43971-0289,H2M,RM43971,1190577
2025-02-04T01:43:53.655465,RT-XRM43971-0291,H2M,RM43971,1190577
2025-02-04T01:44:08.589174,RT-XRM43971-0292,H2M,RM43971,1190577
2025-02-04T01:44:47.359138,RT-XRM43971-0293,H2M,RM43971,1190577
2025-02-04T01:45:37.758230,RT-XRM43971-0294,H2M,RM43971,1190577
2025-02-04T01:46:12.997243,RT-XRM43971-0295,H2M,RM43971,1190577
2025-02-04T01:46:34.609990,RT-XRM43971-0296,H2M,RM43971,1190577
2025-02-04T01:47:23.811289,RT-XRM43971-0297,H2M,RM43971,1190577
2025-02-04T01:47:59.398493,RT-XRM43971-0298,H2M,RM43971,1190577
2025-02-04T03:13:09.669283,RT-XRM43971-0314,H2M,RM43971,1190572
2025-02-04T03:15:02.256031,RT-XRM43971-0315,H2M,RM43971,1190572
2025-02-04T03:15:56.672424,RT-XRM43971-0316,H2M,RM43971,1190572
2025-02-04T03:17:00.406023,RT-XRM43971-0317,H2M,RM43971,1190572
2025-02-04T03:17:55.728488,RT-XRM43971-0318,H2M,RM43971,1190572
2025-02-04T03:19:22.500358,RT-XRM43971-0320,H2M,RM43971,1190572
2025-02-04T03:20:23.695379,RT-XRM43971-0321,H2M,RM43971,1190572
2025-02-04T03:22:25.658103,RT-XRM43971-0322,H2M,RM43971,1190572
2025-02-04T03:23:29.263912,RT-XRM43971-0323,H2M,RM43971,1190572
2025-02-04T03:24:47.674115,RT-XRM43971-0324,H2M,RM43971,1190572
2025-02-04T03:25:19.468274,RT-XRM43971-0325,H2M,RM43971,1190572
2025-02-04T03:28:19.685072,RT-XRM43971-0309,H2M,RM43971,1190583
2025-02-04T03:29:20.765274,RT-XRM43971-0310,H2M,RM43971,1190583
2025-02-04T03:30:28.972831,RT-XRM43971-0311,H2M,RM43971,1190583
2025-02-04T03:30:56.932194,RT-XRM43971-0313,H2M,RM43971,1190583
2025-02-04T03:37:47.379189,RT-XRM43971-0299,H2M,RM43971,1190579
2025-02-04T03:38:56.957612,RT-XRM43971-0301,H2M,RM43971,1190579
2025-02-04T03:39:47.335328,RT-XRM43971-0302,H2M,RM43971,1190579
2025-02-04T03:40:37.098939,RT-XRM43971-0303,H2M,RM43971,1190579
2025-02-04T03:41:35.018617,RT-XRM43971-0304,H2M,RM43971,1190579
2025-02-04T03:42:36.322813,RT-XRM43971-0305,H2M,RM43971,1190579
2025-02-04T03:43:33.554277,RT-XRM43971-0306,H2M,RM43971,1190579
2025-02-04T03:44:32.372949,RT-XRM43971-0307,H2M,RM43971,1190579
2025-02-04T03:45:14.635511,RT-XRM43971-0308,H2M,RM43971,1190579
2025-02-04T04:13:45.199316,RT-XRM43971-0326,HGM,RM43971,1190574
2025-02-04T04:14:38.086736,RT-XRM43971-0327,HGM,RM43971,1190574
2025-02-04T04:15:11.195466,RT-XRM43971-0328,HGM,RM43971,1190574
2025-02-04T04:15:49.863822,RT-XRM43971-0329,HGM,RM43971,1190574
2025-02-04T04:16:36.369735,RT-XRM43971-0330,HGM,RM43971,1190574
2025-02-04T04:17:17.716877,RT-XRM43971-0331,HGM,RM43971,1190574
2025-02-04T04:17:48.182564,RT-XRM43971-0332,HGM,RM43971,1190574
2025-02-04T04:18:23.525771,RT-XRM43971-0333,HGM,RM43971,1190574
2025-02-04T04:19:08.849277,RT-XRM43971-0334,HGM,RM43971,1190574
2025-02-04T04:19:48.542235,RT-XRM43971-0335,HGM,RM43971,1190574
2025-02-04T04:20:36.633997,RT-XRM43971-0336,HGM,RM43971,1190574
2025-02-04T04:21:10.340813,RT-XRM43971-0337,HGM,RM43971,1190574
2025-02-04T04:21:55.567303,RT-XRM43971-0339,HGM,RM43971,1190574
2025-02-04T04:22:41.153589,RT-XRM43971-0340,HGM,RM43971,1190574
2025-02-04T04:23:13.507055,RT-XRM43971-0341,HGM,RM43971,1190574
2025-02-04T04:23:54.084341,RT-XRM43971-0338,HGM,RM43971,1190574
2025-02-04T04:30:15.926134,RT-XRM43971-0342,HGM,RM43971,1190577
2025-02-04T04:30:57.296403,RT-XRM43971-0343,HGM,RM43971,1190577
2025-02-04T04:31:42.847480,RT-XRM43971-0344,HGM,RM43971,1190577
2025-02-04T04:32:39.496178,RT-XRM43971-0345,HGM,RM43971,1190577
2025-02-04T04:33:34.814685,RT-XRM43971-0346,HGM,RM43971,1190577
2025-02-04T04:34:16.337139,RT-XRM43971-0347,HGM,RM43971,1190577
2025-02-04T04:35:04.664888,RT-XRM43971-0348,HGM,RM43971,1190577
2025-02-04T04:36:47.982538,RT-XRM43971-0349,HGM,RM43971,1190577
2025-02-04T04:37:21.901004,RT-XRM43971-0350,HGM,RM43971,1190577
2025-02-04T04:38:49.328115,RT-XRM43971-0351,HGM,RM43971,1190577
2025-02-04T04:39:26.289735,RT-XRM43971-0352,HGM,RM43971,1190577
2025-02-04T04:40:09.020617,RT-XRM43971-0353,HGM,RM43971,1190577
2025-02-04T04:41:06.353902,RT-XRM43971-0354,HGM,RM43971,1190577
2025-02-04T04:41:40.451595,RT-XRM43971-0355,HGM,RM43971,1190577
2025-02-04T04:45:43.969129,RT-XRM43971-0356,HGM,RM43971,1190579
2025-02-04T04:47:33.326080,RT-XRM43971-0357,HGM,RM43971,1190579
2025-02-04T04:48:15.838707,RT-XRM43971-0358,HGM,RM43971,1190579
2025-02-04T04:48:59.477271,RT-XRM43971-0359,HGM,RM43971,1190579
2025-02-04T04:49:41.070035,RT-XRM43971-0360,HGM,RM43971,1190579
2025-02-04T04:50:23.857581,RT-XRM43971-0361,HGM,RM43971,1190579
2025-02-04T04:51:09.629674,RT-XRM43971-0362,HGM,RM43971,1190579
2025-02-04T04:54:36.448107,RT-XRM43971-0363,HGM,RM43971,1190579
2025-02-04T04:58:43.686820,RT-XRM43971-0364,HGM,RM43971,1190572
2025-02-04T05:00:06.760097,RT-XRM43971-0365,HGM,RM43971,1190572
2025-02-04T05:00:57.030399,RT-XRM43971-0366,HGM,RM43971,1190572
2025-02-04T05:01:50.822491,RT-XRM43971-0367,HGM,RM43971,1190572
2025-02-04T05:06:09.808808,RT-XRM43971-0368,HGM,RM43971,1190572
2025-02-04T05:06:56.744148,RT-XRM43971-0369,HGM,RM43971,1190572
2025-02-04T05:15:13.866967,RT-XRM43971-0370,SHL,RM43971,1190574
2025-02-04T05:16:04.717875,RT-XRM43971-0371,SHL,RM43971,1190574
2025-02-04T05:17:46.378229,RT-XRM43971-0372,HGM,RM43971,1190569
2025-02-04T05:18:33.264436,RT-XRM43971-0373,HGM,RM43971,1190569
2025-02-04T21:35:11.117623,RT-XRM43971-0374,HGH,RM43971,1190574
2025-02-04T21:39:17.195534,RT-XRM43971-0376,HGH,RM43971,1190579
2025-02-04T21:44:02.206900,RT-XRM43971-0378,HGH,RM43971,1190579
2025-02-04T21:46:12.829940,RT-XRM43971-0379,HGH,RM43971,1190579
2025-02-04T21:48:38.645522,RT-XRM43971-0380,HGH,RM43971,1190579
2025-02-04T21:51:01.991588,RT-XRM43971-0381,HGH,RM43971,1190579
2025-02-04T21:55:23.689835,RT-XRM43971-0382,HGH,RM43971,1190579
2025-02-04T21:58:22.751969,RT-XRM43971-0383,HGH,RM43971,1190579
2025-02-04T22:10:08.625972,RT-XRM43971-0384,HGH,RM43971,1190579
2025-02-04T22:14:16.197402,RT-XRM43971-0385,HGH,RM43971,1190583
2025-02-04T22:21:21.397254,RT-XRM43971-0387,HGH,RM43971,1190583
2025-02-04T22:23:34.665117,RT-XRM43971-0388,HGH,RM43971,1190583
2025-02-04T22:25:57.238553,RT-XRM43971-0389,HGH,RM43971,1190583
2025-02-04T22:33:45.207506,RT-XRM43971-0390,HGH,RM43971,1190585
2025-02-04T22:38:30.291125,RT-XRM43971-0391,HGH,RM43971,1190585
2025-02-04T22:42:55.817588,RT-XRM43971-0392,GOH,RM43971,1190574
2025-02-04T22:45:44.412800,RT-XRM43971-0393,GOH,RM43971,1190574
2025-02-04T22:48:03.150872,RT-XRM43971-0395,GOH,RM43971,1190577
2025-02-05T03:08:59.181707,RT-XRM43971-0397,GOH,RM43971,1190577
2025-02-05T21:25:35.570273,RT-XRM43971-0408,GOH,RM43971,1190572
2025-02-05T21:29:14.941920,RT-XRM43971-0410,GOH,RM43971,1190572
2025-02-05T21:32:15.044573,RT-XRM43971-0411,GOH,RM43971,1190572
2025-02-05T21:36:35.688784,RT-XRM43971-0413,GOE,RM43971,1190574
2025-02-05T21:39:45.547567,RT-XRM43971-0415,GOE,RM43971,1190574
2025-02-05T21:41:59.481244,RT-XRM43971-0416,GOE,RM43971,1190574
2025-02-05T21:44:21.274504,RT-XRM43971-0417,GOE,RM43971,1190574
2025-02-05T21:45:59.912312,RT-XRM43971-0418,GOE,RM43971,1190574
2025-02-05T21:49:18.180346,RT-XRM43971-0419,GOE,RM43971,1190574
2025-02-05T21:56:43.877837,RT-XRM43971-0420,GOE,RM43971,1190574
2025-02-05T22:05:57.299551,RT-XRM43971-0422,GOE,RM43971,1190577
2025-02-05T22:08:38.125929,RT-XRM43971-0423,GOE,RM43971,1190577
2025-02-05T22:11:32.723443,RT-XRM43971-0424,GOE,RM43971,1190577
2025-02-05T22:15:23.301077,RT-XRM43971-0425,GOE,RM43971,1190577
2025-02-05T22:19:37.062230,RT-XRM43971-0426,GOE,RM43971,1190569
2025-02-05T22:22:14.519745,RT-XRM43971-0427,GMO,RM43971,1190574
2025-02-05T22:25:01.996179,RT-XRM43971-0428,GMO,RM43971,1190574
2025-02-05T22:31:21.574101,RT-XRM43971-0430,GMO,RM43971,1190577
2025-02-05T22:34:12.477250,RT-XRM43971-0432,GMO,RM43971,1190577
2025-02-05T22:38:49.209062,RT-XRM43971-0433,GMO,RM43971,1190577
2025-02-05T22:42:42.225555,RT-XRM43971-0434,GMO,RM43971,1190577
2025-02-05T22:45:25.859524,RT-XRM43971-0435,GMO,RM43971,1190577
2025-02-05T22:51:12.039025,RT-XRM43971-0436,GMO,RM43971,1190583
2025-02-05T22:53:09.599444,RT-XRM43971-0437,GOL,RM43971,1190560
2025-02-05T22:59:55.126910,RT-XRM43971-0438,GOL,RM43971,1190574
2025-02-06T03:38:16.182704,RT-XRM43971-0399,GOH,RM43971,1190577
2025-02-06T03:39:25.863288,RT-XRM43971-0400,GOH,RM43971,1190577
2025-02-06T03:40:24.072349,RT-XRM43971-0401,GOH,RM43971,1190577
2025-02-06T03:42:23.818424,RT-XRM43971-0402,GOH,RM43971,1190577
2025-02-06T03:43:44.315245,RT-XRM43971-0403,GOH,RM43971,1190577
2025-02-06T03:45:08.179344,RT-XRM43971-0404,GOH,RM43971,1190577
2025-02-06T03:47:30.666345,RT-XRM43971-0405,GOH,RM43971,1190577
2025-02-06T03:51:49.724012,RT-XRM43971-0406,GOH,RM43971,1190579
2025-02-06T03:52:56.649736,RT-XRM43971-0440,GOL,RM43971,1190569
2025-02-06T03:54:23.415577,RT-XRM43971-0442,SHL,RM43971,1190560
2025-02-06T03:55:38.364536,RT-XRM43971-0539,SHF,RM43971,1190560
2025-02-06T03:57:54.489264,RT-XRM43971-0447,SHL,RM43971,1190562
2025-02-06T03:58:57.909116,RT-XRM43971-0444,SHL,RM43971,1190562
2025-02-06T03:59:48.358466,RT-XRM43971-0443,SHL,RM43971,1190562
2025-02-06T04:02:15.131392,RT-XRM43971-0450,SHL,RM43971,1190564
2025-02-06T04:03:18.918473,RT-XRM43971-0449,SHL,RM43971,1190564
2025-02-06T04:07:14.632866,RT-XRM43971-0448,SHL,RM43971,1190567
2025-02-06T04:12:34.347388,RT-XRM43971-0500,GOV,RM43971,1190572
2025-02-06T04:15:03.713822,RT-XRM43971-0501,GOV,RM43971,1190577
2025-02-06T04:17:46.692994,RT-XRM43971-0502,GOV,RM43971,1190579
2025-02-06T04:18:35.929598,RT-XRM43971-0503,GOV,RM43971,1190579
2025-02-06T04:19:30.444189,RT-XRM43971-0504,GOV,RM43971,1190579
2025-02-06T04:22:15.538530,RT-XRM43971-0509,GMO,RM43971,1190579
2025-02-06T04:23:28.201923,RT-XRM43971-0506,GMO,RM43971,1190579
2025-02-06T04:25:58.916357,RT-XRM43971-0507,GMO,RM43971,1190579
2025-02-06T04:27:22.179693,RT-XRM43971-0508,GMO,RM43971,1190579
2025-02-06T05:03:02.665879,RT-XRM43971-0510,GOC,RM43971,1190572
2025-02-06T05:03:52.747631,RT-XRM43971-0511,GOC,RM43971,1190572
2025-02-06T05:05:23.096511,RT-XRM43971-0512,GOC,RM43971,1190572
2025-02-06T05:06:55.111319,RT-XRM43971-0513,GOC,RM43971,1190574
2025-02-06T05:08:05.167575,RT-XRM43971-0515,GOC,RM43971,1190574
2025-02-06T05:09:15.454741,RT-XRM43971-0516,GOC,RM43971,1190574
2025-02-06T05:10:08.129797,RT-XRM43971-0517,GOC,RM43971,1190574
2025-02-06T05:13:29.533031,RT-XRM43971-0523,GMI,RM43971,1190567
2025-02-06T05:15:37.411550,RT-XRM43971-0522,GOC,RM43971,1190577
2025-02-06T05:15:53.639664,RT-XRM43971-0521,GOC,RM43971,1190577
2025-02-06T05:16:04.977500,RT-XRM43971-0520,GOC,RM43971,1190577
2025-02-06T05:18:12.463843,RT-XRM43971-0526,GMI,RM43971,1190574
2025-02-06T05:20:07.890718,RT-XRM43971-0524,GMI,RM43971,1190572
2025-02-06T05:20:51.174248,RT-XRM43971-0525,GMI,RM43971,1190572
2025-02-06T05:22:55.254940,RT-XRM43971-0527,GMI,RM43971,1190577
2025-02-06T05:23:48.483385,RT-XRM43971-0528,GMI,RM43971,1190577
2025-02-06T05:24:33.496924,RT-XRM43971-0532,BPO,RM43971,1190569
2025-02-06T05:25:11.078434,RT-XRM43971-0531,GOS,RM43971,1190574
2025-02-06T05:26:44.545630,RT-XRM43971-0533,BPO,RM43971,1190567
2025-02-06T05:27:29.794320,RT-XRM43971-0537,CHG,RM43971,1190562
2025-02-06T05:28:03.749002,RT-XRM43971-0538,CHG,RM43971,1190564
2025-02-06T21:37:06.247545,RT-XRM43971-0534,BIF,RM43971,1190577
2025-02-06T21:39:46.709749,RT-XRM43971-0535,BIF,RM43971,1190577
2025-02-06T21:42:32.192356,RT-XRM43971-0536,BIF,RM43971,1190577
2025-02-06T22:07:44.579593,RT-XRM43971-0540,GOE,RM43971,1190572
2025-02-06T22:11:56.357373,RT-XRM43971-0541,GOE,RM43971,1190572
2025-02-06T22:20:10.240522,RT-XRM43971-0543,GOE,RM43971,1190572
2025-02-06T22:22:49.963062,RT-XRM43971-0544,GOE,RM43971,1190572
2025-02-06T22:26:07.156612,RT-XRM43971-0545,GOE,RM43971,1190572
2025-02-06T22:36:01.008706,RT-XRM43971-0546,GOE,RM43971,1190572
2025-02-07T03:21:56.376805,RT-XRM43971-0547,GOE,RM43971,1190572
2025-02-07T03:22:48.776600,RT-XRM43971-0530,GOS,RM43971,1190572
2025-02-07T03:23:52.099711,RT-XRM43971-0529,GOS,RM43971,1190572
2025-02-10T10:00:18.357168,RT-XRM43971-0004,HGM,RM43971,1190567
2025-02-10T10:00:18.431927,RT-XRM43971-0003,HGM,RM43971,1190567
2025-02-10T10:00:18.504667,RT-XRM43971-0005,HGM,RM43971,1190567
2025-02-10T10:00:18.577751,RT-XRM43971-0006,HGM,RM43971,1190567
2025-02-10T10:00:18.653142,RT-XRM43971-0007,HGM,RM43971,1190567
2025-02-10T10:00:18.724427,RT-XRM43971-0008,HGM,RM43971,1190567
2025-02-10T10:00:18.872073,RT-XRM43971-0010,HGM,RM43971,1190569
2025-02-10T10:00:18.949268,RT-XRM43971-0011,HGM,RM43971,1190569
2025-02-10T10:00:19.025457,RT-XRM43971-0012,HGM,RM43971,1190569
2025-02-10T10:00:19.096591,RT-XRM43971-0013,HGM,RM43971,1190569
2025-02-10T10:00:19.169118,RT-XRM43971-0014,HGM,RM43971,1190569
2025-02-10T10:00:19.244159,RT-XRM43971-0015,HGM,RM43971,1190569
2025-02-10T10:00:19.318096,RT-XRM43971-0016,HGM,RM43971,1190569
2025-02-10T10:00:19.393309,RT-XRM43971-0017,HGM,RM43971,1190569
2025-02-10T10:00:19.467294,RT-XRM43971-0018,HGM,RM43971,1190569
2025-02-10T10:00:19.540326,RT-XRM43971-0019,HGM,RM43971,1190569
2025-02-10T10:00:19.612589,RT-XRM43971-0020,HGM,RM43971,1190569
2025-02-10T10:00:19.682609,RT-XRM43971-0021,HGM,RM43971,1190569
2025-02-10T10:00:19.753941,RT-XRM43971-0022,HGM,RM43971,1190569
2025-02-10T10:00:19.826583,RT-XRM43971-0023,HGM,RM43971,1190569
2025-02-10T10:00:19.898541,RT-XRM43971-0024,HGM,RM43971,1190569
2025-02-10T10:00:19.971472,RT-XRM43971-0025,HGM,RM43971,1190569
2025-02-10T10:00:20.042514,RT-XRM43971-0026,HGM,RM43971,1190569
2025-02-10T10:00:20.113673,RT-XRM43971-0027,HGM,RM43971,1190569
2025-02-10T10:00:20.185602,RT-XRM43971-0028,HGM,RM43971,1190569
2025-02-10T10:00:20.259800,RT-XRM43971-0029,HGM,RM43971,1190569
2025-02-10T10:00:20.331586,RT-XRM43971-0030,HGM,RM43971,1190569
2025-02-10T10:00:20.402479,RT-XRM43971-0031,HGM,RM43971,1190569
2025-02-10T10:00:20.473579,RT-XRM43971-0032,HGM,RM43971,1190569
2025-02-10T10:00:20.543441,RT-XRM43971-0033,HGM,RM43971,1190569
2025-02-10T10:00:20.613493,RT-XRM43971-0034,HGM,RM43971,1190569
2025-02-10T10:00:20.752912,RT-XRM43971-0086,HGM,RM43971,1190572
2025-02-10T10:00:20.824472,RT-XRM43971-0085,HGM,RM43971,1190572
2025-02-10T10:00:20.895534,RT-XRM43971-0084,HGM,RM43971,1190572
2025-02-10T10:00:20.965391,RT-XRM43971-0083,HGM,RM43971,1190572
2025-02-10T10:00:21.036479,RT-XRM43971-0082,HGM,RM43971,1190572
2025-02-10T10:00:21.107002,RT-XRM43971-0081,HGM,RM43971,1190572
2025-02-10T10:00:21.180121,RT-XRM43971-0080,HGM,RM43971,1190572
2025-02-10T10:00:21.254186,RT-XRM43971-0079,HGM,RM43971,1190572
2025-02-10T10:00:21.328179,RT-XRM43971-0078,HGM,RM43971,1190572
2025-02-10T10:00:21.401183,RT-XRM43971-0077,HGM,RM43971,1190572
2025-02-10T10:00:21.473160,RT-XRM43971-0076,HGM,RM43971,1190572
2025-02-10T10:00:21.545984,RT-XRM43971-0075,HGM,RM43971,1190572
2025-02-10T10:00:21.618176,RT-XRM43971-0074,HGM,RM43971,1190572
2025-02-10T10:00:21.694349,RT-XRM43971-0073,HGM,RM43971,1190572
2025-02-10T10:00:21.769306,RT-XRM43971-0072,HGM,RM43971,1190572
2025-02-10T10:00:21.843630,RT-XRM43971-0071,HGM,RM43971,1190572
2025-02-10T10:00:21.917165,RT-XRM43971-0070,HGM,RM43971,1190572
2025-02-10T10:00:21.992264,RT-XRM43971-0069,HGM,RM43971,1190572
2025-02-10T10:00:22.066121,RT-XRM43971-0068,HGM,RM43971,1190572
2025-02-10T10:00:22.142347,RT-XRM43971-0067,HGM,RM43971,1190572
2025-02-10T10:00:22.222859,RT-XRM43971-0066,HGM,RM43971,1190572
2025-02-10T10:00:22.301111,RT-XRM43971-0065,HGM,RM43971,1190572
2025-02-10T10:00:22.378228,RT-XRM43971-0064,HGM,RM43971,1190572
2025-02-10T10:00:22.450133,RT-XRM43971-0063,HGM,RM43971,1190572
2025-02-10T10:00:22.525287,RT-XRM43971-0062,HGM,RM43971,1190572
2025-02-10T10:00:22.600739,RT-XRM43971-0061,HGM,RM43971,1190572
2025-02-10T10:00:22.675268,RT-XRM43971-0060,HGM,RM43971,1190572
2025-02-10T10:00:22.749329,RT-XRM43971-0059,HGM,RM43971,1190572
2025-02-10T10:00:22.824150,RT-XRM43971-0058,HGM,RM43971,1190572
2025-02-10T10:00:22.904228,RT-XRM43971-0057,HGM,RM43971,1190572
2025-02-10T10:00:22.977741,RT-XRM43971-0056,HGM,RM43971,1190572
2025-02-10T10:00:23.054052,RT-XRM43971-0055,HGM,RM43971,1190572
2025-02-10T10:00:23.128027,RT-XRM43971-0054,HGM,RM43971,1190572
2025-02-10T10:00:23.199222,RT-XRM43971-0053,HGM,RM43971,1190572
2025-02-10T10:00:23.277613,RT-XRM43971-0052,HGM,RM43971,1190572
2025-02-10T10:00:23.354189,RT-XRM43971-0051,HGM,RM43971,1190572
2025-02-10T10:00:23.429156,RT-XRM43971-0050,HGM,RM43971,1190572
2025-02-10T10:00:23.501974,RT-XRM43971-0049,HGM,RM43971,1190572
2025-02-10T10:00:23.575166,RT-XRM43971-0048,HGM,RM43971,1190572
2025-02-10T10:00:23.649517,RT-XRM43971-0047,HGM,RM43971,1190572
2025-02-10T10:00:23.724659,RT-XRM43971-0046,HGM,RM43971,1190572
2025-02-10T10:00:23.796292,RT-XRM43971-0045,HGM,RM43971,1190572
2025-02-10T10:00:23.869556,RT-XRM43971-0044,HGM,RM43971,1190572
2025-02-10T10:00:23.940446,RT-XRM43971-0043,HGM,RM43971,1190572
2025-02-10T10:00:24.010535,RT-XRM43971-0042,HGM,RM43971,1190572
2025-02-10T10:00:24.081519,RT-XRM43971-0040,HGM,RM43971,1190572
2025-02-10T10:00:24.152597,RT-XRM43971-0039,HGM,RM43971,1190572
2025-02-10T10:00:24.225145,RT-XRM43971-0038,HGM,RM43971,1190572
2025-02-10T10:00:24.298617,RT-XRM43971-0037,HGM,RM43971,1190572
2025-02-10T10:00:24.369520,RT-XRM43971-0036,HGM,RM43971,1190572
2025-02-10T10:00:24.506559,RT-XRM43971-0088,HGM,RM43971,1190574
2025-02-10T10:00:24.577540,RT-XRM43971-0089,HGM,RM43971,1190574
2025-02-10T10:00:24.652562,RT-XRM43971-0090,HGM,RM43971,1190574
2025-02-10T10:00:24.725722,RT-XRM43971-0091,HGM,RM43971,1190574
2025-02-10T10:00:24.801301,RT-XRM43971-0092,HGM,RM43971,1190574
2025-02-10T10:00:24.875435,RT-XRM43971-0093,HGM,RM43971,1190574
2025-02-10T10:00:24.949121,RT-XRM43971-0094,HGM,RM43971,1190574
2025-02-10T10:00:25.020204,RT-XRM43971-0095,HGM,RM43971,1190574
2025-02-10T10:00:25.093134,RT-XRM43971-0096,HGM,RM43971,1190574
2025-02-10T10:00:25.166335,RT-XRM43971-0097,HGM,RM43971,1190574
2025-02-10T10:00:25.240249,RT-XRM43971-0098,HGM,RM43971,1190574
2025-02-10T10:00:25.315519,RT-XRM43971-0099,HGM,RM43971,1190574
2025-02-10T10:00:25.390351,RT-XRM43971-0100,HGM,RM43971,1190574
2025-02-10T10:00:25.464196,RT-XRM43971-0101,HGM,RM43971,1190574
2025-02-10T10:00:26.574239,RT-XRM43971-0102,HGM,RM43971,1190574
2025-02-10T10:00:26.648545,RT-XRM43971-0103,HGM,RM43971,1190574
2025-02-10T10:00:26.722329,RT-XRM43971-0104,HGM,RM43971,1190574
2025-02-10T10:00:26.800540,RT-XRM43971-0105,HGM,RM43971,1190574
2025-02-10T10:00:26.875698,RT-XRM43971-0106,HGM,RM43971,1190574
2025-02-10T10:00:26.950331,RT-XRM43971-0107,HGM,RM43971,1190574
2025-02-10T10:00:27.025273,RT-XRM43971-0108,HGM,RM43971,1190574
2025-02-10T10:00:27.097805,RT-XRM43971-0109,HGM,RM43971,1190574
2025-02-10T10:00:27.170692,RT-XRM43971-0110,HGM,RM43971,1190574
2025-02-10T10:00:27.246582,RT-XRM43971-0111,HGM,RM43971,1190574
2025-02-10T10:00:27.318752,RT-XRM43971-0112,HGM,RM43971,1190574
2025-02-10T10:00:27.391446,RT-XRM43971-0113,HGM,RM43971,1190574
2025-02-10T10:00:27.463369,RT-XRM43971-0114,HGM,RM43971,1190574
2025-02-10T10:00:27.535232,RT-XRM43971-0115,HGM,RM43971,1190574
2025-02-10T10:00:27.609075,RT-XRM43971-0116,HGM,RM43971,1190574
2025-02-10T10:00:27.681862,RT-XRM43971-0117,HGM,RM43971,1190574
2025-02-10T10:00:27.756209,RT-XRM43971-0118,HGM,RM43971,1190574
2025-02-10T10:00:27.831242,RT-XRM43971-0119,HGM,RM43971,1190574
2025-02-10T10:00:27.907542,RT-XRM43971-0120,HGM,RM43971,1190574
2025-02-10T10:00:27.982862,RT-XRM43971-0121,HGM,RM43971,1190574
2025-02-10T10:00:28.059448,RT-XRM43971-0122,HGM,RM43971,1190574
2025-02-10T10:00:28.195841,RT-XRM43971-0123,HGM,RM43971,1190574
2025-02-10T10:00:28.273638,RT-XRM43971-0124,HGM,RM43971,1190574
2025-02-10T10:00:28.349599,RT-XRM43971-0125,HGM,RM43971,1190574
2025-02-10T10:00:28.421846,RT-XRM43971-0126,HGM,RM43971,1190574
2025-02-10T10:00:28.494967,RT-XRM43971-0127,HGM,RM43971,1190574
2025-02-10T10:00:28.568364,RT-XRM43971-0128,HGM,RM43971,1190574
2025-02-10T10:00:28.644164,RT-XRM43971-0129,HGM,RM43971,1190574
2025-02-10T10:00:28.716989,RT-XRM43971-0130,HGM,RM43971,1190574
2025-02-10T10:00:28.791716,RT-XRM43971-0131,HGM,RM43971,1190574
2025-02-10T10:00:28.866754,RT-XRM43971-0132,HGM,RM43971,1190574
2025-02-10T10:00:28.939309,RT-XRM43971-0133,HGM,RM43971,1190574
2025-02-10T10:00:29.013316,RT-XRM43971-0134,HGM,RM43971,1190574
2025-02-10T10:00:29.085834,RT-XRM43971-0135,HGM,RM43971,1190574
2025-02-10T10:00:29.157393,RT-XRM43971-0136,HGM,RM43971,1190574
2025-02-10T10:00:29.230204,RT-XRM43971-0137,HGM,RM43971,1190574
2025-02-10T10:00:29.303288,RT-XRM43971-0138,HGM,RM43971,1190574
2025-02-10T10:00:29.380135,RT-XRM43971-0139,HGM,RM43971,1190574
2025-02-10T10:00:29.458173,RT-XRM43971-0140,HGM,RM43971,1190574
2025-02-10T10:00:29.533289,RT-XRM43971-0141,HGM,RM43971,1190574
2025-02-10T10:00:29.608035,RT-XRM43971-0142,HGM,RM43971,1190574
2025-02-10T10:00:29.684320,RT-XRM43971-0143,HGM,RM43971,1190574
2025-02-10T10:00:29.760162,RT-XRM43971-0144,HGM,RM43971,1190574
2025-02-10T10:00:29.835313,RT-XRM43971-0145,HGM,RM43971,1190574
2025-02-10T10:00:29.983308,RT-XRM43971-0196,HGM,RM43971,1190577
2025-02-10T10:00:30.065451,RT-XRM43971-0195,HGM,RM43971,1190577
2025-02-10T10:00:30.144142,RT-XRM43971-0194,HGM,RM43971,1190577
2025-02-10T10:00:30.219105,RT-XRM43971-0193,HGM,RM43971,1190577
2025-02-10T10:00:30.295319,RT-XRM43971-0192,HGM,RM43971,1190577
2025-02-10T10:00:30.370161,RT-XRM43971-0191,HGM,RM43971,1190577
2025-02-10T10:00:30.444229,RT-XRM43971-0190,HGM,RM43971,1190577
2025-02-10T10:00:30.521435,RT-XRM43971-0189,HGM,RM43971,1190577
2025-02-10T10:00:30.595518,RT-XRM43971-0187,HGM,RM43971,1190577
2025-02-10T10:00:30.674255,RT-XRM43971-0188,HGM,RM43971,1190577
2025-02-10T10:00:30.747315,RT-XRM43971-0186,HGM,RM43971,1190577
2025-02-10T10:00:30.821017,RT-XRM43971-0185,HGM,RM43971,1190577
2025-02-10T10:00:30.894430,RT-XRM43971-0184,HGM,RM43971,1190577
2025-02-10T10:00:30.971034,RT-XRM43971-0183,HGM,RM43971,1190577
2025-02-10T10:00:31.045209,RT-XRM43971-0182,HGM,RM43971,1190577
2025-02-10T10:00:31.119964,RT-XRM43971-0181,HGM,RM43971,1190577
2025-02-10T10:00:31.193229,RT-XRM43971-0180,HGM,RM43971,1190577
2025-02-10T10:00:31.267177,RT-XRM43971-0179,HGM,RM43971,1190577
2025-02-10T10:00:31.338605,RT-XRM43971-0178,HGM,RM43971,1190577
2025-02-10T10:00:31.411428,RT-XRM43971-0177,HGM,RM43971,1190577
2025-02-10T10:00:31.489196,RT-XRM43971-0176,HGM,RM43971,1190577
2025-02-10T10:00:31.562787,RT-XRM43971-0175,HGM,RM43971,1190577
2025-02-10T10:00:31.636365,RT-XRM43971-0174,HGM,RM43971,1190577
2025-02-10T10:00:31.713270,RT-XRM43971-0173,HGM,RM43971,1190577
2025-02-10T10:00:31.788271,RT-XRM43971-0172,HGM,RM43971,1190577
2025-02-10T10:00:31.863077,RT-XRM43971-0171,HGM,RM43971,1190577
2025-02-10T10:00:31.936127,RT-XRM43971-0170,HGM,RM43971,1190577
2025-02-10T10:00:32.009202,RT-XRM43971-0169,HGM,RM43971,1190577
2025-02-10T10:00:32.084361,RT-XRM43971-0168,HGM,RM43971,1190577
2025-02-10T10:00:32.159314,RT-XRM43971-0167,HGM,RM43971,1190577
2025-02-10T10:00:32.234239,RT-XRM43971-0166,HGM,RM43971,1190577
2025-02-10T10:00:32.312226,RT-XRM43971-0165,HGM,RM43971,1190577
2025-02-10T10:00:32.384783,RT-XRM43971-0164,HGM,RM43971,1190577
2025-02-10T10:00:32.456258,RT-XRM43971-0163,HGM,RM43971,1190577
2025-02-10T10:00:32.526304,RT-XRM43971-0162,HGM,RM43971,1190577
2025-02-10T10:00:32.603912,RT-XRM43971-0161,HGM,RM43971,1190577
2025-02-10T10:00:32.680322,RT-XRM43971-0160,HGM,RM43971,1190577
2025-02-10T10:00:32.755152,RT-XRM43971-0159,HGM,RM43971,1190577
2025-02-10T10:00:32.828194,RT-XRM43971-0158,HGM,RM43971,1190577
2025-02-10T10:00:32.905153,RT-XRM43971-0157,HGM,RM43971,1190577
2025-02-10T10:00:32.977378,RT-XRM43971-0156,HGM,RM43971,1190577
2025-02-10T10:00:33.051601,RT-XRM43971-0155,HGM,RM43971,1190577
2025-02-10T10:00:33.130247,RT-XRM43971-0154,HGM,RM43971,1190577
2025-02-10T10:00:33.206195,RT-XRM43971-0153,HGM,RM43971,1190577
2025-02-10T10:00:33.281432,RT-XRM43971-0152,HGM,RM43971,1190577
2025-02-10T10:00:33.358101,RT-XRM43971-0151,HGM,RM43971,1190577
2025-02-10T10:00:33.429399,RT-XRM43971-0150,HGM,RM43971,1190577
2025-02-10T10:00:33.508321,RT-XRM43971-0149,HGM,RM43971,1190577
2025-02-10T10:00:33.581277,RT-XRM43971-0148,HGM,RM43971,1190577
2025-02-10T10:00:33.656396,RT-XRM43971-0147,HGM,RM43971,1190577
2025-02-10T10:00:33.730010,RT-XRM43971-0146,HGM,RM43971,1190577
2025-02-10T10:00:33.876237,RT-XRM43971-0233,HGM,RM43971,1190579
2025-02-10T10:00:33.951218,RT-XRM43971-0232,HGM,RM43971,1190579
2025-02-10T10:00:34.025061,RT-XRM43971-0231,HGM,RM43971,1190579
2025-02-10T10:00:35.171395,RT-XRM43971-0230,HGM,RM43971,1190579
2025-02-10T10:00:35.249527,RT-XRM43971-0229,HGM,RM43971,1190579
2025-02-10T10:00:35.325273,RT-XRM43971-0228,HGM,RM43971,1190579
2025-02-10T10:00:35.402322,RT-XRM43971-0227,HGM,RM43971,1190579
2025-02-10T10:00:35.476478,RT-XRM43971-0226,HGM,RM43971,1190579
2025-02-10T10:00:35.550212,RT-XRM43971-0225,HGM,RM43971,1190579
2025-02-10T10:00:35.625334,RT-XRM43971-0224,HGM,RM43971,1190579
2025-02-10T10:00:35.701248,RT-XRM43971-0223,HGM,RM43971,1190579
2025-02-10T10:00:35.774161,RT-XRM43971-0222,HGM,RM43971,1190579
2025-02-10T10:00:35.848336,RT-XRM43971-0221,HGM,RM43971,1190579
2025-02-10T10:00:35.921243,RT-XRM43971-0220,HGM,RM43971,1190579
2025-02-10T10:00:35.994268,RT-XRM43971-0219,HGM,RM43971,1190579
2025-02-10T10:00:36.071234,RT-XRM43971-0218,HGM,RM43971,1190579
2025-02-10T10:00:36.144024,RT-XRM43971-0217,HGM,RM43971,1190579
2025-02-10T10:00:36.217003,RT-XRM43971-0216,HGM,RM43971,1190579
2025-02-10T10:00:36.292686,RT-XRM43971-0215,HGM,RM43971,1190579
2025-02-10T10:00:36.368989,RT-XRM43971-0214,HGM,RM43971,1190579
2025-02-10T10:00:36.447023,RT-XRM43971-0213,HGM,RM43971,1190579
2025-02-10T10:00:36.522078,RT-XRM43971-0212,HGM,RM43971,1190579
2025-02-10T10:00:36.595411,RT-XRM43971-0211,HGM,RM43971,1190579
2025-02-10T10:00:36.668205,RT-XRM43971-0210,HGM,RM43971,1190579
2025-02-10T10:00:36.744864,RT-XRM43971-0209,HGM,RM43971,1190579
2025-02-10T10:00:36.820296,RT-XRM43971-0208,HGM,RM43971,1190579
2025-02-10T10:00:36.898132,RT-XRM43971-0207,HGM,RM43971,1190579
2025-02-10T10:00:36.970284,RT-XRM43971-0206,HGM,RM43971,1190579
2025-02-10T10:00:37.044751,RT-XRM43971-0205,HGM,RM43971,1190579
2025-02-10T10:00:37.192349,RT-XRM43971-0199,HGM,RM43971,1190579
2025-02-10T10:00:37.266340,RT-XRM43971-0200,HGM,RM43971,1190579
2025-02-10T10:00:37.339121,RT-XRM43971-0201,HGM,RM43971,1190579
2025-02-10T10:00:37.413636,RT-XRM43971-0202,HGM,RM43971,1190579
2025-02-10T10:00:37.492858,RT-XRM43971-0203,HGM,RM43971,1190579
2025-02-10T10:00:37.566742,RT-XRM43971-0204,HGM,RM43971,1190579
2025-02-10T10:00:37.711438,RT-XRM43971-0236,HGM,RM43971,1190583
2025-02-10T10:00:37.783285,RT-XRM43971-0237,HGM,RM43971,1190583
2025-02-10T10:00:37.859205,RT-XRM43971-0238,HGM,RM43971,1190583
2025-02-10T10:00:37.932088,RT-XRM43971-0239,HGM,RM43971,1190583
2025-02-10T10:00:38.220067,RT-XRM43971-0243,HGF,RM43971,1190574
2025-02-10T10:00:38.292379,RT-XRM43971-0244,HGF,RM43971,1190574
2025-02-10T10:00:38.365281,RT-XRM43971-0245,HGF,RM43971,1190574
2025-02-10T10:00:38.439509,RT-XRM43971-0246,HGF,RM43971,1190574
2025-02-10T10:00:38.514290,RT-XRM43971-0247,HGF,RM43971,1190574
2025-02-10T10:00:38.590296,RT-XRM43971-0248,HGF,RM43971,1190574
2025-02-10T10:00:38.665275,RT-XRM43971-0249,HGF,RM43971,1190574
2025-02-10T10:00:38.744827,RT-XRM43971-0250,HGF,RM43971,1190574
2025-02-10T10:00:38.818035,RT-XRM43971-0251,HGF,RM43971,1190574
2025-02-10T10:00:38.892258,RT-XRM43971-0252,HGF,RM43971,1190574
2025-02-10T10:00:38.967164,RT-XRM43971-0253,HGF,RM43971,1190574
2025-02-10T10:00:39.041259,RT-XRM43971-0254,HGF,RM43971,1190574
2025-02-10T10:00:39.114099,RT-XRM43971-0255,HGF,RM43971,1190574
2025-02-10T10:00:39.186350,RT-XRM43971-0256,HGF,RM43971,1190574
2025-02-10T10:00:39.260475,RT-XRM43971-0035,HGM,RM43971,1190569
2025-03-05T23:50:50.028325,RT-XRM43971-0601,GOL,RM43971,1190561
2025-03-05T23:52:53.939940,RT-XRM43971-0602,SHL,RM43971,1190561
2025-03-05T23:54:49.974679,RT-XRM43971-0603,SHL,RM43971,1190561
2025-03-05T23:56:16.023763,RT-XRM43971-0604,SHL,RM43971,1190561
2025-03-06T00:04:30.519192,RT-XRM43971-0605,GOL,RM43971,1190563
2025-03-06T00:14:05.228937,RT-XRM43971-0606,SHL,RM43971,1190563
2025-03-06T00:16:08.719571,RT-XRM43971-0607,SHL,RM43971,1190563
2025-03-06T00:20:24.153166,RT-XRM43971-0608,MHT,RM43971,1190563
2025-03-06T00:23:23.148744,RT-XRM43971-0609,SHL,RM43971,1190565
2025-03-06T00:26:55.944744,RT-XRM43971-0610,SHL,RM43971,1190565
2025-03-10T22:02:48.914207,RT-XRM43971-0611,HGM,RM43971,1190565
2025-03-10T22:09:15.749304,RT-XRM43971-0612,HGM,RM43971,1190565
2025-03-10T22:13:06.470821,RT-XRM43971-0613,GOC,RM43971,1190565
2025-03-10T22:22:15.522119,RT-XRM43971-0614,HGF,RM43971,1190565
2025-03-10T22:27:42.632297,RT-XRM43971-0615,HGF,RM43971,1190565
2025-03-10T22:47:47.024961,RT-XRM43971-0616,GOL,RM43971,1190568
2025-03-10T22:54:23.411995,RT-XRM43971-0617,H2M,RM43971,1190568
2025-03-10T23:00:31.755005,RT-XRM43971-0618,GOV,RM43971,1190568
2025-03-10T23:42:11.924427,RT-XRM43971-0619,GLA,RM43971,1190568
2025-03-10T23:46:32.752270,RT-XRM43971-0620,GOC,RM43971,1190568
2025-03-11T00:27:22.355666,RT-XRM43971-0621,GOC,RM43971,1190568
2025-03-11T00:35:54.608500,RT-XRM43971-0622,HGF,RM43971,1190568
2025-03-11T00:41:20.474637,RT-XRM43971-0623,HGF,RM43971,1190568
2025-03-11T00:46:29.882864,RT-XRM43971-0624,GMI,RM43971,1190568
2025-03-11T00:49:46.226739,RT-XRM43971-0625,GMI,RM43971,1190568
2025-03-11T00:52:47.990646,RT-XRM43971-0626,GMI,RM43971,1190568
2025-03-13T22:35:47.383424,RT-XRM43971-0627,HGM,RM43971,1190568
2025-03-13T22:38:08.237300,RT-XRM43971-0628,HGM,RM43971,1190568
2025-03-13T22:39:48.065474,RT-XRM43971-0631,GOS,RM43971,1190568
2025-03-13T22:41:24.842306,RT-XRM43971-0632,GOS,RM43971,1190568
2025-03-13T22:44:03.637977,RT-XRM43971-0629,HGM,RM43971,1190568
2025-03-13T22:45:24.382188,RT-XRM43971-0630,HGM,RM43971,1190568
2025-03-13T22:48:15.132761,RT-XRM43971-0633,CHG,RM43971,1190570
2025-03-13T22:49:23.000754,RT-XRM43971-0634,HGF,RM43971,1190570
2025-03-13T22:51:03.334008,RT-XRM43971-0635,TIG,RM43971,1190570
2025-03-13T22:52:46.447497,RT-XRM43971-0636,BPO,RM43971,1190570
2025-03-13T22:54:01.852639,RT-XRM43971-0637,BPO,RM43971,1190570
2025-03-13T22:55:45.666215,RT-XRM43971-0638,GOC,RM43971,1190570
2025-03-13T22:57:18.961646,RT-XRM43971-0639,GOC,RM43971,1190570
2025-03-13T22:58:58.164269,RT-XRM43971-0640,DET,RM43971,1190570
2025-03-13T22:59:57.821431,RT-XRM43971-0641,DET,RM43971,1190570
2025-03-14T00:04:27.132801,RT-XRM43971-0642,H2M,RM43971,1190570
2025-03-14T00:07:07.965741,RT-XRM43971-0643,H2M,RM43971,1190570
2025-03-14T00:08:50.455493,RT-XRM43971-0644,GMX,RM43971,1190570
2025-03-14T00:10:01.275728,RT-XRM43971-0645,GMX,RM43971,1190570
2025-03-14T00:13:09.229255,RT-XRM43971-0646,GMO,RM43971,1190570
2025-03-14T00:14:17.133326,RT-XRM43971-0647,GMO,RM43971,1190570
2025-03-14T00:18:48.094197,RT-XRM43971-0648,GOE,RM43971,1190570
2025-03-14T00:19:50.985448,RT-XRM43971-0649,GOE,RM43971,1190570
2025-03-14T00:20:52.473144,RT-XRM43971-0650,GOE,RM43971,1190570
2025-03-14T00:23:05.953916,RT-XRM43971-0651,GOE,RM43971,1190570
2025-03-14T00:24:15.954475,RT-XRM43971-0652,GOE,RM43971,1190570
2025-03-14T00:25:23.149753,RT-XRM43971-0653,GOE,RM43971,1190570
2025-03-14T00:29:23.020126,RT-XRM43971-0654,HGM,RM43971,1190570
2025-03-14T00:31:13.390495,RT-XRM43971-0655,HGM,RM43971,1190570
2025-03-14T00:32:51.731291,RT-XRM43971-0656,HGM,RM43971,1190570
2025-03-14T00:34:59.561236,RT-XRM43971-0657,HGM,RM43971,1190570
2025-03-14T00:35:57.404825,RT-XRM43971-0658,HGM,RM43971,1190570
2025-03-14T00:37:01.104302,RT-XRM43971-0659,HGM,RM43971,1190570
2025-03-14T00:39:30.174502,RT-XRM43971-0660,HGM,RM43971,1190570
2025-03-14T02:07:42.456780,RT-XRM43971-0661,HGM,RM43971,1190570
2025-03-14T02:08:51.872532,RT-XRM43971-0662,HGM,RM43971,1190570
2025-03-14T02:09:46.537679,RT-XRM43971-0663,HGM,RM43971,1190570
2025-03-14T02:11:29.661052,RT-XRM43971-0664,HGM,RM43971,1190570
2025-03-14T02:12:30.295289,RT-XRM43971-0665,HGM,RM43971,1190570
2025-03-14T02:15:42.832102,RT-XRM43971-0666,HGM,RM43971,1190570
2025-03-14T02:16:49.548790,RT-XRM43971-0667,HGM,RM43971,1190570
2025-03-14T02:17:55.635058,RT-XRM43971-0668,HGM,RM43971,1190570
2025-03-14T02:18:39.897069,RT-XRM43971-0669,HGM,RM43971,1190570
2025-03-14T02:20:13.231270,RT-XRM43971-0670,HGM,RM43971,1190570
2025-03-14T02:21:32.810843,RT-XRM43971-0671,HGM,RM43971,1190570
2025-03-14T02:22:16.428282,RT-XRM43971-0672,HGM,RM43971,1190570
2025-03-14T02:22:57.641490,RT-XRM43971-0673,HGM,RM43971,1190570
2025-03-14T02:24:36.796912,RT-XRM43971-0674,HGM,RM43971,1190570
2025-03-14T02:25:25.558166,RT-XRM43971-0675,HGM,RM43971,1190570
2025-03-14T02:30:39.757155,RT-XRM43971-0677,HGM,RM43971,1190570
2025-03-14T02:31:31.538014,RT-XRM43971-0676,HGM,RM43971,1190570
2025-03-14T02:33:06.367846,RT-XRM43971-0678,HGH,RM43971,1190573
2025-03-14T02:35:05.811411,RT-XRM43971-0679,HES,RM43971,1190573
2025-03-14T02:36:51.272670,RT-XRM43971-0680,HES,RM43971,1190573
2025-03-14T02:39:19.417994,RT-XRM43971-0690,GOC,RM43971,1190573
2025-03-14T02:40:50.086828,RT-XRM43971-0691,GOC,RM43971,1190573
2025-03-14T02:44:05.482108,RT-XRM43971-0687,GOH,RM43971,1190573
2025-03-14T02:45:30.439790,RT-XRM43971-0688,GOH,RM43971,1190573
2025-03-14T02:46:28.744384,RT-XRM43971-0689,GOH,RM43971,1190573
2025-03-14T02:48:50.541905,RT-XRM43971-0681,GOV,RM43971,1190573
2025-03-14T02:49:53.843994,RT-XRM43971-0682,GOV,RM43971,1190573
2025-03-14T02:51:14.203301,RT-XRM43971-0683,GMO,RM43971,1190573
2025-03-14T02:52:54.217921,RT-XRM43971-0684,GMO,RM43971,1190573
2025-03-14T02:53:46.634732,RT-XRM43971-0685,GMO,RM43971,1190573
2025-03-14T02:54:52.103508,RT-XRM43971-0686,GMO,RM43971,1190573
2025-03-14T02:58:13.562561,RT-XRM43971-0692,HGF,RM43971,1190573
2025-03-14T02:59:02.353372,RT-XRM43971-0693,HGF,RM43971,1190573
2025-03-14T03:01:22.565679,RT-XRM43971-0694,HGF,RM43971,1190573
2025-03-14T03:02:15.591362,RT-XRM43971-0695,HGF,RM43971,1190573
2025-03-14T03:04:02.213201,RT-XRM43971-0696,HGF,RM43971,1190573
2025-03-14T03:07:26.242473,RT-XRM43971-0697,HGF,RM43971,1190573
2025-03-14T03:08:32.867998,RT-XRM43971-0698,HGF,RM43971,1190573
2025-03-14T03:10:37.960689,RT-XRM43971-0699,HGF,RM43971,1190573
2025-03-14T03:12:19.679182,RT-XRM43971-0700,GOE,RM43971,1190573
2025-03-14T03:14:17.667874,RT-XRM43971-0701,GOE,RM43971,1190573
2025-03-14T03:15:18.465484,RT-XRM43971-0702,GOE,RM43971,1190573
2025-03-14T03:16:05.366316,RT-XRM43971-0703,GOE,RM43971,1190573
2025-03-14T03:17:46.661975,RT-XRM43971-0704,GOE,RM43971,1190573
2025-03-14T03:18:35.668741,RT-XRM43971-0705,GOE,RM43971,1190573
2025-03-14T03:19:52.016043,RT-XRM43971-0706,GOE,RM43971,1190573
2025-03-14T03:20:38.220370,RT-XRM43971-0707,GOE,RM43971,1190573
2025-03-14T03:23:59.050704,RT-XRM43971-0708,GOE,RM43971,1190573
2025-03-14T03:24:45.707012,RT-XRM43971-0709,GOE,RM43971,1190573
2025-03-14T03:25:32.937300,RT-XRM43971-0710,GOE,RM43971,1190573
2025-03-14T03:27:57.830341,RT-XRM43971-0711,GOE,RM43971,1190573
2025-03-14T03:28:47.054638,RT-XRM43971-0712,GOE,RM43971,1190573
2025-03-14T03:29:43.931357,RT-XRM43971-0713,GOE,RM43971,1190573
2025-03-14T03:30:21.372381,RT-XRM43971-0714,GOE,RM43971,1190573
2025-03-14T03:37:48.374272,RT-XRM43971-0715,GMI,RM43971,1190573
2025-03-14T03:38:58.190419,RT-XRM43971-0716,GMI,RM43971,1190573
2025-03-14T03:39:58.900332,RT-XRM43971-0717,GMI,RM43971,1190573
2025-03-14T03:40:45.449213,RT-XRM43971-0718,GMI,RM43971,1190573
2025-03-14T03:42:34.000859,RT-XRM43971-0719,GMI,RM43971,1190573
2025-03-14T03:43:20.356458,RT-XRM43971-0720,GMI,RM43971,1190573
2025-03-14T03:44:19.825315,RT-XRM43971-0721,GMI,RM43971,1190573
2025-03-16T23:45:47.136407,RT-XRM43971-0722,HGM,RM43971,1190573
2025-03-16T23:46:56.207821,RT-XRM43971-0723,HGM,RM43971,1190573
2025-03-16T23:50:49.058451,RT-XRM43971-0724,HGM,RM43971,1190573
2025-03-16T23:51:46.750027,RT-XRM43971-0725,HGM,RM43971,1190573
2025-03-16T23:53:08.832992,RT-XRM43971-0726,HGM,RM43971,1190573
2025-03-16T23:53:16.884848,RT-XRM43971-0727,HGM,RM43971,1190573
2025-03-16T23:53:26.495000,RT-XRM43971-0728,HGM,RM43971,1190573
2025-03-16T23:53:37.098788,RT-XRM43971-0729,HGM,RM43971,1190573
2025-03-16T23:53:59.806324,RT-XRM43971-0730,HGM,RM43971,1190573
2025-03-17T00:18:40.798473,RT-XRM43971-0731,HGM,RM43971,1190573
2025-03-17T00:18:48.663831,RT-XRM43971-0732,HGM,RM43971,1190573
2025-03-17T00:18:57.515523,RT-XRM43971-0733,HGM,RM43971,1190573
2025-03-17T00:19:10.550911,RT-XRM43971-0734,HGM,RM43971,1190573
2025-03-17T00:19:18.811057,RT-XRM43971-0735,HGM,RM43971,1190573
2025-03-17T00:19:27.960132,RT-XRM43971-0736,HGM,RM43971,1190573
2025-03-17T00:19:36.702161,RT-XRM43971-0738,HGM,RM43971,1190573
2025-03-17T00:19:53.986598,RT-XRM43971-0737,HGM,RM43971,1190573
2025-03-17T00:20:02.897618,RT-XRM43971-0739,HGM,RM43971,1190573
2025-03-17T00:33:12.301448,RT-XRM43971-0740,HGM,RM43971,1190573
2025-03-17T00:34:46.294551,RT-XRM43971-0741,HGM,RM43971,1190573
2025-03-17T00:35:00.001522,RT-XRM43971-0742,HGM,RM43971,1190573
2025-03-17T00:35:13.386610,RT-XRM43971-0743,HGM,RM43971,1190573
2025-03-17T00:35:26.770423,RT-XRM43971-0744,HGM,RM43971,1190573
2025-03-17T00:38:21.260270,RT-XRM43971-0745,HGM,RM43971,1190573
2025-03-17T00:38:41.525748,RT-XRM43971-0746,HGM,RM43971,1190573
2025-03-17T00:39:07.451434,RT-XRM43971-0747,HGM,RM43971,1190573
2025-03-17T00:39:27.784246,RT-XRM43971-0748,HGM,RM43971,1190573
2025-03-17T00:39:53.161674,RT-XRM43971-0749,HGM,RM43971,1190573
2025-03-17T00:42:50.628138,RT-XRM43971-0750,HGM,RM43971,1190573
2025-03-17T00:43:07.726967,RT-XRM43971-0751,HGM,RM43971,1190573
2025-03-17T00:43:27.735598,RT-XRM43971-0752,HGM,RM43971,1190573
2025-03-17T00:43:47.357847,RT-XRM43971-0753,HGM,RM43971,1190573
2025-03-17T00:44:35.782721,RT-XRM43971-0754,HGM,RM43971,1190573
2025-03-17T00:44:47.037821,RT-XRM43971-0755,HGM,RM43971,1190573
2025-03-17T00:46:53.586034,RT-XRM43971-0760,HGM,RM43971,1190573
2025-03-17T00:47:13.786990,RT-XRM43971-0759,HGM,RM43971,1190573
2025-03-17T00:47:33.983281,RT-XRM43971-0758,HGM,RM43971,1190573
2025-03-17T00:47:51.426245,RT-XRM43971-0757,HGM,RM43971,1190573
2025-03-17T00:48:07.369847,RT-XRM43971-0756,HGM,RM43971,1190573
2025-03-17T00:50:25.518509,RT-XRM43971-0761,HGM,RM43971,1190573
2025-03-17T00:50:49.419815,RT-XRM43971-0762,HGM,RM43971,1190573
2025-03-17T00:51:09.766201,RT-XRM43971-0763,HGM,RM43971,1190573
2025-03-17T00:51:29.267718,RT-XRM43971-0764,HGM,RM43971,1190573
2025-03-17T00:51:49.295626,RT-XRM43971-0765,HGM,RM43971,1190573
2025-03-17T00:54:47.695188,RT-XRM43971-0766,HGM,RM43971,1190573
2025-03-17T00:54:59.877748,RT-XRM43971-0767,HGM,RM43971,1190573
2025-03-17T00:55:09.309347,RT-XRM43971-0768,HGM,RM43971,1190573
2025-03-17T00:55:17.156147,RT-XRM43971-0769,HGM,RM43971,1190573
2025-03-17T00:55:28.749010,RT-XRM43971-0770,HGM,RM43971,1190573
2025-03-17T00:58:11.159898,RT-XRM43971-0771,HGM,RM43971,1190573
2025-03-17T00:58:24.812412,RT-XRM43971-0772,HGM,RM43971,1190573
2025-03-17T00:58:33.219571,RT-XRM43971-0773,HGM,RM43971,1190573
2025-03-17T00:58:42.746642,RT-XRM43971-0774,HGM,RM43971,1190573
2025-03-17T00:58:51.863562,RT-XRM43971-0775,HGM,RM43971,1190573
2025-03-17T01:01:37.322044,RT-XRM43971-0776,HGM,RM43971,1190573
2025-03-17T01:01:47.756834,RT-XRM43971-0777,HGM,RM43971,1190573
2025-03-17T01:01:56.875119,RT-XRM43971-0778,HGM,RM43971,1190573
2025-03-17T01:02:06.391066,RT-XRM43971-0779,HGM,RM43971,1190573
2025-03-17T01:02:13.922263,RT-XRM43971-0780,HGM,RM43971,1190573
2025-03-17T01:05:47.341662,RT-XRM43971-0781,HGM,RM43971,1190573
2025-03-17T01:05:57.172031,RT-XRM43971-0782,HGM,RM43971,1190573
2025-03-17T01:06:06.380704,RT-XRM43971-0783,HGM,RM43971,1190573
2025-03-17T01:06:13.989461,RT-XRM43971-0784,HGM,RM43971,1190573
2025-03-17T01:06:21.695856,RT-XRM43971-0785,HGM,RM43971,1190573
2025-03-17T01:10:51.216686,RT-XRM43971-0786,HGM,RM43971,1190573
2025-03-17T01:11:00.034822,RT-XRM43971-0787,HGM,RM43971,1190573
2025-03-17T01:11:11.270408,RT-XRM43971-0788,HGM,RM43971,1190573
2025-03-17T01:11:21.299829,RT-XRM43971-0789,HGM,RM43971,1190573
2025-03-17T01:11:30.815086,RT-XRM43971-0790,HGM,RM43971,1190573
2025-03-17T01:11:41.058862,RT-XRM43971-0791,HGM,RM43971,1190573
2025-03-17T01:11:51.752355,RT-XRM43971-0792,HGM,RM43971,1190573
2025-03-17T01:15:34.667787,RT-XRM43971-0793,HGM,RM43971,1190573
2025-03-17T01:15:43.814806,RT-XRM43971-0794,HGM,RM43971,1190573
2025-03-17T01:15:56.132848,RT-XRM43971-0795,HGM,RM43971,1190573
2025-03-17T01:16:03.958404,RT-XRM43971-0796,HGM,RM43971,1190573
2025-03-17T01:16:12.140547,RT-XRM43971-0797,HGM,RM43971,1190573
2025-03-17T01:18:54.724404,RT-XRM43971-0798,HGM,RM43971,1190573
2025-03-17T01:19:04.280130,RT-XRM43971-0799,HGM,RM43971,1190573
2025-03-17T01:19:14.838652,RT-XRM43971-0800,HGM,RM43971,1190573
2025-03-17T01:19:25.938154,RT-XRM43971-0801,HGM,RM43971,1190573
2025-03-17T01:19:34.485201,RT-XRM43971-0802,HGM,RM43971,1190573
2025-03-17T03:39:10.413283,RT-XRM43971-0803,GMO,RM43971,1190575
2025-03-17T03:40:12.897366,RT-XRM43971-0804,GMO,RM43971,1190575
2025-03-17T03:42:00.436354,RT-XRM43971-0805,GMO,RM43971,1190575
2025-03-17T03:43:28.020592,RT-XRM43971-0806,GMO,RM43971,1190575
2025-03-17T03:46:59.340603,RT-XRM43971-0807,BPO,RM43971,1190575
2025-03-17T03:47:46.598407,RT-XRM43971-0808,BPO,RM43971,1190575
2025-03-17T03:52:19.687671,RT-XRM43971-0809,GOE,RM43971,1190575
2025-03-17T03:52:46.742103,RT-XRM43971-0810,GOE,RM43971,1190575
2025-03-17T03:54:42.628699,RT-XRM43971-0811,GOE,RM43971,1190575
2025-03-17T03:55:37.849147,RT-XRM43971-0812,GOE,RM43971,1190575
2025-03-17T03:56:47.689571,RT-XRM43971-0813,GOE,RM43971,1190575
2025-03-17T03:57:39.018330,RT-XRM43971-0814,GOE,RM43971,1190575
2025-03-17T04:02:30.837233,RT-XRM43971-0815,GOH,RM43971,1190575
2025-03-17T04:04:12.015277,RT-XRM43971-0816,GOH,RM43971,1190575
2025-03-17T04:05:08.352999,RT-XRM43971-0817,GOH,RM43971,1190575
2025-03-17T04:05:52.165907,RT-XRM43971-0818,GOH,RM43971,1190575
2025-03-17T04:06:39.283615,RT-XRM43971-0819,GOH,RM43971,1190575
2025-03-17T04:11:26.515849,RT-XRM43971-0820,GOC,RM43971,1190575
2025-03-17T04:12:40.190707,RT-XRM43971-0821,GOC,RM43971,1190575
2025-03-17T04:13:08.439930,RT-XRM43971-0822,GOC,RM43971,1190575
2025-03-17T04:15:09.804561,RT-XRM43971-0823,GOC,RM43971,1190575
2025-03-17T04:15:47.631089,RT-XRM43971-0824,GOC,RM43971,1190575
2025-03-17T04:29:36.184713,RT-XRM43971-0825,HGH,RM43971,1190575
2025-03-17T04:32:19.992188,RT-XRM43971-0826,HGH,RM43971,1190575
2025-03-17T04:34:04.905867,RT-XRM43971-0827,HGH,RM43971,1190575
2025-03-17T04:36:24.630048,RT-XRM43971-0828,HGH,RM43971,1190575
2025-03-17T04:37:06.812304,RT-XRM43971-0829,HGH,RM43971,1190575
2025-03-17T04:37:47.859952,RT-XRM43971-0830,HGH,RM43971,1190575
2025-03-17T04:43:15.414975,RT-XRM43971-0831,GOV,RM43971,1190575
2025-03-17T04:44:35.934294,RT-XRM43971-0832,GOV,RM43971,1190575
2025-03-17T04:45:32.933760,RT-XRM43971-0833,GOV,RM43971,1190575
2025-03-17T04:46:10.573692,RT-XRM43971-0834,GOV,RM43971,1190575
2025-03-17T04:51:02.269058,RT-XRM43971-0835,GOV,RM43971,1190575
2025-03-17T04:51:57.301766,RT-XRM43971-0836,GOV,RM43971,1190575
2025-03-17T04:52:25.269519,RT-XRM43971-0837,GOV,RM43971,1190575
2025-03-17T04:59:59.761210,RT-XRM43971-0838,GOV,RM43971,1190575
2025-03-17T05:00:44.692237,RT-XRM43971-0839,GOV,RM43971,1190575
2025-03-17T05:04:01.571644,RT-XRM43971-0840,GOV,RM43971,1190575
2025-03-18T02:56:04.206493,RT-XRM43971-0841,GOV,RM43971,1190575
2025-03-18T02:56:19.770735,RT-XRM43971-0842,GOV,RM43971,1190575
2025-03-18T02:56:31.563404,RT-XRM43971-0843,GOV,RM43971,1190575
2025-03-18T02:56:57.415764,RT-XRM43971-0844,HGF,RM43971,1190575
2025-03-18T02:57:13.434915,RT-XRM43971-0845,HGF,RM43971,1190575
2025-03-18T03:15:14.399506,RT-XRM43971-0846,HGF,RM43971,1190575
2025-03-18T03:17:17.309205,RT-XRM43971-0847,HGF,RM43971,1190575
2025-03-18T03:17:36.068607,RT-XRM43971-0848,HGF,RM43971,1190575
2025-03-18T03:17:56.279142,RT-XRM43971-0849,HGF,RM43971,1190575
2025-03-18T03:21:20.155094,RT-XRM43971-0850,HGF,RM43971,1190575
2025-03-18T03:21:30.340004,RT-XRM43971-0851,HGF,RM43971,1190575
2025-03-18T03:28:23.314539,RT-XRM43971-0852,HGM,RM43971,1190575
2025-03-18T03:28:34.465525,RT-XRM43971-0853,HGM,RM43971,1190575
2025-03-18T03:28:44.237655,RT-XRM43971-0854,HGM,RM43971,1190575
2025-03-18T03:28:51.926879,RT-XRM43971-0855,HGM,RM43971,1190575
2025-03-18T03:29:00.792989,RT-XRM43971-0856,HGM,RM43971,1190575
2025-03-18T03:29:08.779763,RT-XRM43971-0857,HGM,RM43971,1190575
2025-03-18T03:29:15.279633,RT-XRM43971-0858,HGM,RM43971,1190575
2025-03-18T03:29:21.905821,RT-XRM43971-0859,HGM,RM43971,1190575
2025-03-18T03:29:28.170066,RT-XRM43971-0860,HGM,RM43971,1190575
2025-03-18T03:29:34.690419,RT-XRM43971-0861,HGM,RM43971,1190575
2025-03-18T03:29:43.074994,RT-XRM43971-0862,HGM,RM43971,1190575
2025-03-18T03:41:40.624421,RT-XRM43971-0863,HGM,RM43971,1190575
2025-03-18T03:41:49.156166,RT-XRM43971-0864,HGM,RM43971,1190575
2025-03-18T03:41:55.783772,RT-XRM43971-0865,HGM,RM43971,1190575
2025-03-18T03:42:04.490042,RT-XRM43971-0866,HGM,RM43971,1190575
2025-03-18T03:42:12.918085,RT-XRM43971-0867,HGM,RM43971,1190575
2025-03-18T03:50:57.047611,RT-XRM43971-0871,HGM,RM43971,1190575
2025-03-18T03:51:04.458997,RT-XRM43971-0872,HGM,RM43971,1190575
2025-03-18T03:51:12.570109,RT-XRM43971-0873,HGM,RM43971,1190575
2025-03-18T03:51:21.223367,RT-XRM43971-0874,HGM,RM43971,1190575
2025-03-18T03:51:28.631996,RT-XRM43971-0875,HGM,RM43971,1190575
2025-03-18T03:57:00.079387,RT-XRM43971-0881,HGM,RM43971,1190575
2025-03-18T03:57:07.182025,RT-XRM43971-0882,HGM,RM43971,1190575
2025-03-18T03:57:14.171960,RT-XRM43971-0883,HGM,RM43971,1190575
2025-03-18T03:57:21.508123,RT-XRM43971-0884,HGM,RM43971,1190575
2025-03-18T03:57:29.300456,RT-XRM43971-0885,HGM,RM43971,1190575
2025-03-18T04:00:17.548053,RT-XRM43971-0886,HGM,RM43971,1190575
2025-03-18T04:00:25.266212,RT-XRM43971-0887,HGM,RM43971,1190575
2025-03-18T04:00:32.298094,RT-XRM43971-0888,HGM,RM43971,1190575
2025-03-18T04:00:38.777298,RT-XRM43971-0889,HGM,RM43971,1190575
2025-03-18T04:00:45.633446,RT-XRM43971-0890,HGM,RM43971,1190575
2025-03-18T04:03:24.682631,RT-XRM43971-0891,HGM,RM43971,1190575
2025-03-18T04:03:35.197904,RT-XRM43971-0892,HGM,RM43971,1190575
2025-03-18T04:03:42.148401,RT-XRM43971-0893,HGM,RM43971,1190575
2025-03-18T04:03:49.614262,RT-XRM43971-0894,HGM,RM43971,1190575
2025-03-18T04:03:56.791090,RT-XRM43971-0895,HGM,RM43971,1190575
2025-03-18T04:06:45.146844,RT-XRM43971-0896,HGM,RM43971,1190575
2025-03-18T04:06:52.219601,RT-XRM43971-0897,HGM,RM43971,1190575
2025-03-18T04:07:00.178287,RT-XRM43971-0898,HGM,RM43971,1190575
2025-03-18T04:07:07.466519,RT-XRM43971-0899,HGM,RM43971,1190575
2025-03-18T04:07:14.558492,RT-XRM43971-0900,HGM,RM43971,1190575
2025-03-18T04:13:10.289563,RT-XRM43971-0901,HGM,RM43971,1190575
2025-03-18T04:13:18.606772,RT-XRM43971-0902,HGM,RM43971,1190575
2025-03-18T04:13:26.837651,RT-XRM43971-0903,HGM,RM43971,1190575
2025-03-18T04:13:34.353658,RT-XRM43971-0904,HGM,RM43971,1190575
2025-03-18T04:13:42.207616,RT-XRM43971-0905,HGM,RM43971,1190575
2025-03-18T04:16:24.789999,RT-XRM43971-0906,HGM,RM43971,1190575
2025-03-18T04:16:31.983179,RT-XRM43971-0907,HGM,RM43971,1190575
2025-03-18T04:16:40.403994,RT-XRM43971-0908,HGM,RM43971,1190575
2025-03-18T04:16:46.943761,RT-XRM43971-0909,HGM,RM43971,1190575
2025-03-18T04:16:56.711131,RT-XRM43971-0910,HGM,RM43971,1190575
2025-03-18T04:29:06.287872,RT-XRM43971-0911,HGM,RM43971,1190575
2025-03-18T04:29:16.381709,RT-XRM43971-0912,HGM,RM43971,1190575
2025-03-18T04:29:24.914105,RT-XRM43971-0913,HGM,RM43971,1190575
2025-03-18T04:29:34.044650,RT-XRM43971-0914,HGM,RM43971,1190575
2025-03-18T04:29:40.802285,RT-XRM43971-0915,HGM,RM43971,1190575
2025-03-18T04:32:24.117243,RT-XRM43971-0916,HGM,RM43971,1190575
2025-03-18T04:32:30.705915,RT-XRM43971-0917,HGM,RM43971,1190575
2025-03-18T04:32:38.425272,RT-XRM43971-0918,HGM,RM43971,1190575
2025-03-18T04:32:46.696088,RT-XRM43971-0919,HGM,RM43971,1190575
2025-03-18T04:32:53.559180,RT-XRM43971-0920,HGM,RM43971,1190575
2025-03-18T04:34:59.036794,RT-XRM43971-0921,HGM,RM43971,1190575
2025-03-18T04:35:05.340872,RT-XRM43971-0922,HGM,RM43971,1190575
2025-03-18T04:35:14.512556,RT-XRM43971-0923,HGM,RM43971,1190575
2025-03-18T04:35:21.695114,RT-XRM43971-0924,HGM,RM43971,1190575
2025-03-18T04:38:52.823043,RT-XRM43971-0925,H2M,RM43971,1190578
2025-03-18T04:39:02.727335,RT-XRM43971-0926,H2M,RM43971,1190578
2025-03-18T04:39:10.308428,RT-XRM43971-0927,H2M,RM43971,1190578
2025-03-18T04:39:17.722482,RT-XRM43971-0928,H2M,RM43971,1190578
2025-03-19T02:29:09.679412,RT-XRM43971-0929,HGM,RM43971,1190578
2025-03-19T02:29:56.138003,RT-XRM43971-0930,HGM,RM43971,1190578
2025-03-19T02:30:47.826473,RT-XRM43971-0931,HGM,RM43971,1190578
2025-03-19T02:30:56.659659,RT-XRM43971-0932,HGM,RM43971,1190578
2025-03-19T02:31:05.500387,RT-XRM43971-0933,HGM,RM43971,1190578
2025-03-19T02:31:12.243142,RT-XRM43971-0934,HGM,RM43971,1190578
2025-03-19T02:32:47.051612,RT-XRM43971-0935,HGM,RM43971,1190578
2025-03-19T02:33:19.760102,RT-XRM43971-0936,HGM,RM43971,1190578
2025-03-19T02:33:26.979179,RT-XRM43971-0937,HGM,RM43971,1190578
2025-03-19T02:33:36.256672,RT-XRM43971-0938,HGM,RM43971,1190578
2025-03-19T02:33:42.867937,RT-XRM43971-0939,HGM,RM43971,1190578
2025-03-19T02:33:50.857225,RT-XRM43971-0940,HGM,RM43971,1190578
2025-03-19T02:35:56.581692,RT-XRM43971-0941,HGM,RM43971,1190578
2025-03-19T02:36:03.338735,RT-XRM43971-0942,HGM,RM43971,1190578
2025-03-19T02:36:13.307256,RT-XRM43971-0943,HGM,RM43971,1190578
2025-03-19T02:36:23.201414,RT-XRM43971-0944,HGM,RM43971,1190578
2025-03-19T02:36:44.375400,RT-XRM43971-0945,HGM,RM43971,1190578
2025-03-19T02:38:40.551655,RT-XRM43971-0946,HGM,RM43971,1190578
2025-03-19T02:38:48.585602,RT-XRM43971-0947,HGM,RM43971,1190578
2025-03-19T02:38:55.318103,RT-XRM43971-0948,HGM,RM43971,1190578
2025-03-19T02:39:03.635285,RT-XRM43971-0949,HGM,RM43971,1190578
2025-03-19T02:39:11.077262,RT-XRM43971-0950,HGM,RM43971,1190578
2025-03-19T02:41:13.900593,RT-XRM43971-0951,HGM,RM43971,1190578
2025-03-19T02:41:21.743764,RT-XRM43971-0952,HGM,RM43971,1190578
2025-03-19T02:41:28.954102,RT-XRM43971-0953,HGM,RM43971,1190578
2025-03-19T02:41:35.587671,RT-XRM43971-0954,HGM,RM43971,1190578
2025-03-19T02:41:42.795212,RT-XRM43971-0955,HGM,RM43971,1190578
2025-03-19T02:44:00.869243,RT-XRM43971-0956,HGM,RM43971,1190578
2025-03-19T02:44:09.441047,RT-XRM43971-0957,HGM,RM43971,1190578
2025-03-19T02:44:19.300752,RT-XRM43971-0958,HGM,RM43971,1190578
2025-03-19T02:44:27.601285,RT-XRM43971-0959,HGM,RM43971,1190578
2025-03-19T02:44:35.259431,RT-XRM43971-0960,HGM,RM43971,1190578
2025-03-19T02:48:40.415087,RT-XRM43971-0961,HGM,RM43971,1190578
2025-03-19T02:48:47.624700,RT-XRM43971-0962,HGM,RM43971,1190578
2025-03-19T02:48:54.793498,RT-XRM43971-0963,HGM,RM43971,1190578
2025-03-19T02:55:32.597727,RT-XRM43971-0964,HGM,RM43971,1190578
2025-03-19T02:55:41.441523,RT-XRM43971-0965,HGM,RM43971,1190578
2025-03-19T02:55:51.271234,RT-XRM43971-0966,HGM,RM43971,1190578
2025-03-19T02:55:59.852817,RT-XRM43971-0967,HGM,RM43971,1190578
2025-03-19T02:56:07.093486,RT-XRM43971-0968,HGM,RM43971,1190578
2025-03-19T02:56:14.049794,RT-XRM43971-0969,HGM,RM43971,1190578
2025-03-19T02:56:21.882593,RT-XRM43971-0970,HGM,RM43971,1190578
2025-03-19T02:56:29.336528,RT-XRM43971-0971,HGM,RM43971,1190578
2025-03-19T02:56:36.071029,RT-XRM43971-0972,HGM,RM43971,1190578
2025-03-19T02:56:45.048027,RT-XRM43971-0973,HGM,RM43971,1190578
2025-03-19T02:56:53.168965,RT-XRM43971-0974,HGM,RM43971,1190578
2025-03-19T02:57:05.075972,RT-XRM43971-0975,HGM,RM43971,1190578
2025-03-19T03:06:06.356986,RT-XRM43971-0988,GOE,RM43971,1190578
2025-03-19T03:06:18.164972,RT-XRM43971-0989,GOE,RM43971,1190578
2025-03-19T03:06:40.891704,RT-XRM43971-0990,GOE,RM43971,1190578
2025-03-19T03:06:47.769422,RT-XRM43971-0991,GOE,RM43971,1190578
2025-03-19T03:06:55.310197,RT-XRM43971-0992,GOE,RM43971,1190578
2025-03-19T03:07:09.971713,RT-XRM43971-0993,GOE,RM43971,1190578
2025-03-19T03:07:17.260922,RT-XRM43971-0994,GOE,RM43971,1190578
2025-03-19T03:07:23.140577,RT-XRM43971-0995,GOE,RM43971,1190578
2025-03-19T03:07:53.938473,RT-XRM43971-0976,HGH,RM43971,1190578
2025-03-19T03:08:08.363051,RT-XRM43971-0977,HGH,RM43971,1190578
2025-03-19T03:08:19.265690,RT-XRM43971-0978,HGH,RM43971,1190578
2025-03-19T03:08:26.971781,RT-XRM43971-0979,HGH,RM43971,1190578
2025-03-19T03:09:11.681375,RT-XRM43971-0980,GMO,RM43971,1190578
2025-03-19T03:09:21.060809,RT-XRM43971-0981,GMO,RM43971,1190578
2025-03-19T03:09:33.742571,RT-XRM43971-0982,GMO,RM43971,1190578
2025-03-19T03:09:40.678058,RT-XRM43971-0983,GMO,RM43971,1190578
2025-03-19T03:09:47.407481,RT-XRM43971-0984,GMO,RM43971,1190578
2025-03-19T03:09:56.668661,RT-XRM43971-0985,GMO,RM43971,1190578
2025-03-19T03:10:03.773635,RT-XRM43971-0986,GMO,RM43971,1190578
2025-03-19T03:10:10.763466,RT-XRM43971-0987,GMO,RM43971,1190578
2025-03-19T03:14:18.473023,RT-XRM43971-0996,GOH,RM43971,1190578
2025-03-19T03:14:26.627762,RT-XRM43971-0997,GOH,RM43971,1190578
2025-03-19T03:14:33.693162,RT-XRM43971-0998,GOH,RM43971,1190578
2025-03-19T03:14:40.522006,RT-XRM43971-0999,GOH,RM43971,1190578
2025-03-19T03:14:47.557642,RT-XRM43971-1000,GOH,RM43971,1190578
2025-03-19T03:14:54.479827,RT-XRM43971-1001,GOH,RM43971,1190578
2025-03-19T03:15:02.227399,RT-XRM43971-1002,GOH,RM43971,1190578
2025-03-19T03:15:09.459515,RT-XRM43971-1003,GOH,RM43971,1190578
2025-03-19T03:15:17.000468,RT-XRM43971-1004,GOH,RM43971,1190578
2025-03-19T03:15:24.120455,RT-XRM43971-1005,GOH,RM43971,1190578
2025-03-19T03:15:31.885503,RT-XRM43971-1006,GOH,RM43971,1190578
2025-03-19T03:19:35.356718,RT-XRM43971-1014,GOL,RM43971,1190578
2025-03-19T03:20:02.117303,RT-XRM43971-1007,GMI,RM43971,1190578
2025-03-19T03:20:09.406282,RT-XRM43971-1008,GMI,RM43971,1190578
2025-03-19T03:20:16.000905,RT-XRM43971-1009,GMI,RM43971,1190578
2025-03-19T03:20:23.029769,RT-XRM43971-1010,GMI,RM43971,1190578
2025-03-19T03:20:29.972584,RT-XRM43971-1011,GMI,RM43971,1190578
2025-03-19T03:20:36.877696,RT-XRM43971-1012,GMI,RM43971,1190578
2025-03-19T03:20:47.476821,RT-XRM43971-1013,GMI,RM43971,1190578
2025-03-19T03:29:55.666896,RT-XRM43971-1015,GMO,RM43971,1190581
2025-03-19T03:30:19.112110,RT-XRM43971-1016,GMO,RM43971,1190581
2025-03-19T03:30:27.986058,RT-XRM43971-1017,GMO,RM43971,1190581
2025-03-19T03:33:04.446840,RT-XRM43971-1018,HGM,RM43971,1190581
2025-03-19T03:33:15.118682,RT-XRM43971-1019,HGM,RM43971,1190581
2025-03-19T03:33:22.658549,RT-XRM43971-1020,HGM,RM43971,1190581
2025-03-19T03:33:29.785683,RT-XRM43971-1021,HGM,RM43971,1190581
2025-03-19T03:33:38.331159,RT-XRM43971-1022,HGM,RM43971,1190581
2025-03-19T03:33:46.043384,RT-XRM43971-1023,HGM,RM43971,1190581
2025-03-19T03:33:52.906244,RT-XRM43971-1024,HGM,RM43971,1190581
2025-03-19T03:34:00.107772,RT-XRM43971-1025,HGM,RM43971,1190581
2025-03-19T03:34:07.116232,RT-XRM43971-1026,HGM,RM43971,1190581
2025-03-19T03:34:14.345547,RT-XRM43971-1027,HGM,RM43971,1190581
2025-03-19T03:34:21.080218,RT-XRM43971-1028,HGM,RM43971,1190581
2025-03-19T03:34:27.669269,RT-XRM43971-1029,HGM,RM43971,1190581
2025-03-19T03:34:34.318677,RT-XRM43971-1030,HGM,RM43971,1190581
2025-03-19T03:41:57.639645,RT-XRM43971-1032,HGM,RM43971,1190581
2025-03-19T03:42:12.627098,RT-XRM43971-1031,HGM,RM43971,1190581
2025-03-19T03:42:36.995647,RT-XRM43971-1033,GOV,RM43971,1190581
2025-03-19T03:42:45.256047,RT-XRM43971-1034,GOV,RM43971,1190581
2025-03-19T03:43:17.964705,RT-XRM43971-1035,GOC,RM43971,1190581
2025-03-19T03:45:21.037084,RT-XRM43971-1049,MHT,RM43971,1190581
2025-03-19T03:45:34.121293,RT-XRM43971-1048,H2M,RM43971,1190581
2025-03-19T03:45:52.533528,RT-XRM43971-1047,H2M,RM43971,1190581
2025-03-19T03:48:51.529270,RT-XRM43971-1036,HGH,RM43971,1190581
2025-03-19T03:49:01.900824,RT-XRM43971-1037,HGH,RM43971,1190581
2025-03-19T03:49:08.665481,RT-XRM43971-1038,HGH,RM43971,1190581
2025-03-19T03:49:15.717266,RT-XRM43971-1039,HGH,RM43971,1190581
2025-03-19T03:49:22.804541,RT-XRM43971-1040,HGH,RM43971,1190581
2025-03-19T03:49:44.786625,RT-XRM43971-1041,HGH,RM43971,1190581
2025-03-19T03:49:52.328148,RT-XRM43971-1042,HGH,RM43971,1190581
2025-03-19T03:49:58.896417,RT-XRM43971-1043,HGH,RM43971,1190581
2025-03-19T03:50:06.252681,RT-XRM43971-1044,HGH,RM43971,1190581
2025-03-19T03:50:19.954789,RT-XRM43971-1045,HGH,RM43971,1190581
2025-03-19T03:50:26.810247,RT-XRM43971-1046,HGH,RM43971,1190581
2025-03-19T03:55:21.663361,RT-XRM43971-1050,GMO,RM43971,1190584
2025-03-19T03:55:31.208542,RT-XRM43971-1051,GMO,RM43971,1190584
2025-03-19T03:55:38.774307,RT-XRM43971-1052,GMO,RM43971,1190584
2025-03-19T03:56:32.056370,RT-XRM43971-1053,HGM,RM43971,1190584
2025-03-19T03:56:39.259389,RT-XRM43971-1054,HGM,RM43971,1190584
2025-03-19T03:56:45.660998,RT-XRM43971-1055,HGM,RM43971,1190584
2025-03-19T03:56:54.606767,RT-XRM43971-1056,HGM,RM43971,1190584
2025-03-19T03:57:22.876294,RT-XRM43971-1057,HGH,RM43971,1190584
2025-03-19T03:57:34.120244,RT-XRM43971-1058,HGH,RM43971,1190584
2025-03-19T04:00:30.831691,RT-XRM43971-1059,HGH,RM43971,1190586
2025-03-19T04:00:40.177205,RT-XRM43971-1060,HGH,RM43971,1190586
2025-03-19T04:00:52.082112,RT-XRM43971-1061,HGH,RM43971,1190586
2025-03-19T04:01:07.000381,RT-XRM43971-1062,HGM,RM43971,1190586
2025-03-19T04:01:17.088532,RT-XRM43971-1063,GMO,RM43971,1190586
2025-03-25T22:13:07.325688,RT-XRM43971-0868,HGM,RM43971,1190575
2025-03-25T22:13:29.313911,RT-XRM43971-0869,HGM,RM43971,1190575
2025-03-25T22:13:44.777478,RT-XRM43971-0870,HGM,RM43971,1190575
2025-03-25T22:14:17.130680,RT-XRM43971-0876,HGM,RM43971,1190575
2025-03-25T22:14:26.563573,RT-XRM43971-0877,HGM,RM43971,1190575
2025-03-25T22:14:37.072956,RT-XRM43971-0878,HGM,RM43971,1190575
2025-03-25T22:14:46.327040,RT-XRM43971-0879,HGM,RM43971,1190575
2025-03-25T22:14:56.236690,RT-XRM43971-0880,HGM,RM43971,1190575